Registration Number, Locus, Pail, Field Number
S220001,Unmatched,Unmatched,Unmatched
S220002,Unmatched,Unmatched,Unmatched
S220006,Matched,Matched in Square,Matched in Square
S220010,Matched,Matched in Square,Matched in Square
S220020,Matched,Matched in Square,Matched in Square
S220026,Matched,Unmatched,Unmatched
S220034,Matched,Matched in Square,Matched in Square
S220044,Matched,Unmatched,Unmatched
S220046,Matched,Matched in Square,Unmatched
S220051,Matched,Matched in Square,Unmatched
S220078,Unmatched,Matched in Square,Matched in Square
S220081,Matched,Unmatched,Matched in Square
S220083,Matched,Matched in Square,Matched in Square
S220103,Matched,Matched in Square,Matched in Square
S220109,Matched,Unmatched,Matched in Square
S220114,Matched,Matched in Square,Matched in Square
S220127,Matched,Matched in Square,Unmatched
S220132,Unmatched,Matched in Square,Unmatched
S220133,Matched,Matched in Square,Matched in Square
S220139,Matched,Unmatched,Unmatched
S220144,Matched,Matched in Square,Unmatched
S220152,Unmatched,Unmatched,Unmatched
S220159,Matched,Matched in Square,Matched in Square
S220161,Matched,Unmatched,Matched in Square
S220162,Matched,Unmatched,Matched in Square
S220164,Matched,Matched in Square,Matched in Square
S220167,Matched,Unmatched,Matched in Square
S220168,Matched,Unmatched,Matched in Square
S220169,Matched,Matched in Square,Matched in Square
S220171,Matched,Unmatched,Unmatched
S220178,Matched,Unmatched,Matched in Square
S220183,Matched,Matched in Square,Unmatched
S220189,Matched,Matched in Square,Matched in Square
S220191,Matched,Matched in Square,Matched in Square
S220195,Matched,Matched in Square,Matched in Square
S220196,Matched,Matched in Square,Matched in Square
S220201,Matched,Matched in Square,Unmatched
S220215,Matched,Matched in Square,Unmatched
S220217,Matched,Matched in Square,Unmatched
S220218,Matched,Unmatched,Unmatched
S220219,Unmatched,Unmatched,Unmatched
S220229,Matched,Matched in Square,Matched in Square
S220230,Matched,Unmatched,Matched in Square
S220233,Matched,Matched in Square,Matched in Square
S220234,Matched,Matched in Square,Unmatched
S220237,Matched,Matched in Square,Matched in Square
S220242,Matched,Unmatched,Matched in Square
S220248,Matched,Matched in Square,Unmatched
S220249,Matched,Unmatched,Unmatched
S220250,Matched,Matched in Square,Matched in Square
S220266,Unmatched,Unmatched,Matched in Square
S220267,Matched,Matched in Square,Matched in Square
S220268,Matched,Matched in Square,Unmatched
S220271,Matched,Matched in Square,Unmatched
S220272,Matched,Unmatched,Matched in Square
S220275,Unmatched,Unmatched,Unmatched
S220280,Matched,Unmatched,Unmatched
S220283,Matched,Unmatched,Unmatched
S220290,Unmatched,Matched in Square,Matched in Square
S220291,Matched,Unmatched,Matched in Square
S220292,Unmatched,Unmatched,Unmatched
