S220001,7,B,69.8,0,2,,,shell,,,,,,,,,,,,,,,,,,,,,,,,,,,,,,,,,,,,,,,,
S220002,1,B,69.8,0,1,,,glass,,,,,,,,,,,,,,,,,,,,,,,,,,,,,,,,,,,,,,,,
S220003,12,B,69.7,5,9,,,glass,,,,,,,,,,,,,,,,,,,,,,,,,,,,,,,,,,,,,,,,
S220004,2,B,41.3,22,51,,,slag,,,,,,,,,,,,,,,,,,,,,,,,,,,,,,,,,,,,,,,,
S220005,3,B,41.3,23,52,,,slag,,,,,,,,,,,,,,,,,,,,,,,,,,,,,,,,,,,,,,,,
S220006,13,B,69.7,7,10,,B22.0389,glass,,,,,,,,,,,,,,,,,,,,,,,,,,,,,,,,,,,,,,,,
S220007,11,B,24.42,2,137,,,pebble,,,,,,,,,,,,,,,,,,,,,,,,,,,,,,,,,,,,,,,,
S220008,7,B,24.42,1,135,,,glass,,,,,,,,,,,,,,,,,,,,,,,,,,,,,,,,,,,,,,,,
S220009,14,B,69.7,1,11,,,glass,,,,,,,,,,,,,,,,,,,,,,,,,,,,,,,,,,,,,,,,
S220010,0,B,25.62,1,240,,,ceramic tech,,,,,,,,,,,,,,,,,,,,,,,,,,,,,,,,,,,,,,,,
S220011,30,B,24.42,26,143,,,ceramic tech,,,,,,,,,,,,,,,,,,,,,,,,,,,,,,,,,,,,,,,,
S220012,1,B,25.62,1,225,,,ceramic tech,,,,,,,,,,,,,,,,,,,,,,,,,,,,,,,,,,,,,,,,
S220013,46,B,25.61,5,116,,,ceramic tech,,,,,,,,,,,,,,,,,,,,,,,,,,,,,,,,,,,,,,,,
S220014,44,B,25.61,5,113,,,ceramic tech,,,,,,,,,,,,,,,,,,,,,,,,,,,,,,,,,,,,,,,,
S220015,45,B,25.61,5,113,,,ceramic tech,,,,,,,,,,,,,,,,,,,,,,,,,,,,,,,,,,,,,,,,
S220016,14,B,24.42,2,134,,,ceramic tech,,,,,,,,,,,,,,,,,,,,,,,,,,,,,,,,,,,,,,,,
S220017,19,B,24.42,27,144,,,obsidian,,,,,,,,,,,,,,,,,,,,,,,,,,,,,,,,,,,,,,,,
S220018,15,B,25.61,5,114,,,shell,,,,,,,,,,,,,,,,,,,,,,,,,,,,,,,,,,,,,,,,
S220019,40,B,25.61,5,116,,,shell,,,,,,,,,,,,,,,,,,,,,,,,,,,,,,,,,,,,,,,,
S220020,42,B,25.61,19,122,,,carbon,,,,,,,,,,,,,,,,,,,,,,,,,,,,,,,,,,,,,,,,
S220021,11,B,41.3,24,61,,837.67,seed,,,,,,,,,,,,,,,,,,,,,,,,,,,,,,,,,,,,,,,,
S220022,11,B,42.21,39,114,,,slag,,,,,,,,,,,,,,,,,,,,,,,,,,,,,,,,,,,,,,,,
S220023,9,B,41.3,24,61,,,slag,,,,,,,,,,,,,,,,,,,,,,,,,,,,,,,,,,,,,,,,
S220024,41,B,25.61,19,124,,,carbon for dating,,,,,,,,,,,,,,,,,,,,,,,,,,,,,,,,,,,,,,,,
S220025,15,B,69.7,1,11,,,shell casing,,,,,,,,,,,,,,,,,,,,,,,,,,,,,,,,,,,,,,,,
S220026,,B,41.3,0,46,,,ceramic tech,,,,,,,,,,,,,,,,,,,,,,,,,,,,,,,,,,,,,,,,
S220027,6,B,24.42,0,129,,,ceramic tech,,,,,,,,,,,,,,,,,,,,,,,,,,,,,,,,,,,,,,,,
S220028,111,B,42.21,33,103,,,ceramic tech,,,,,,,,,,,,,,,,,,,,,,,,,,,,,,,,,,,,,,,,
S220029,3,B,24.42,0,131,,,ceramic tech,,,,,,,,,,,,,,,,,,,,,,,,,,,,,,,,,,,,,,,,
S220030,169,B,25.62,1,225,,,ceramic tech,,,,,,,,,,,,,,,,,,,,,,,,,,,,,,,,,,,,,,,,
S220031,170,B,25.62,0,222,,,ceramic tech,,,,,,,,,,,,,,,,,,,,,,,,,,,,,,,,,,,,,,,,
S220032,171,B,25.62,1,236,,,ceramic tech,,,,,,,,,,,,,,,,,,,,,,,,,,,,,,,,,,,,,,,,
S220033,61,B,25.61,19,130,,,obsidian,,,,,,,,,,,,,,,,,,,,,,,,,,,,,,,,,,,,,,,,
S220034,,B,69.7,16,24,,,ceramic tech,,,,,,,,,,,,,,,,,,,,,,,,,,,,,,,,,,,,,,,,
S220035,13,B,41.3,24,62,,B22.0651,Phytoliths/split b/w Betty & Jeff,,,,,,,,,,,,,,,,,,,,,,,,,,,,,,,,,,,,,,,,
S220036,,B,69.7,1,11,,,glass,,,,,,,,,,,,,,,,,,,,,,,,,,,,,,,,,,,,,,,,
S220037,25,B,24.42,8,148,,,gizzard stone,,,,,,,,,,,,,,,,,,,,,,,,,,,,,,,,,,,,,,,,
S220038,9,B,42.21,36,113,,,bone/stone?,,,,,,,,,,,,,,,,,,,,,,,,,,,,,,,,,,,,,,,,
S220039,29,B,25.61,5,113,,,ceramic tech,,,,,,,,,,,,,,,,,,,,,,,,,,,,,,,,,,,,,,,,
S220040,21,B,42.21,40,117,,,ceramic tech,,,,,,,,,,,,,,,,,,,,,,,,,,,,,,,,,,,,,,,,
S220041,12,B,25.62,51,238,,,stone,,,,,,,,,,,,,,,,,,,,,,,,,,,,,,,,,,,,,,,,
S220042,6,B,25.62,50,235,,,metal,,,,,,,,,,,,,,,,,,,,,,,,,,,,,,,,,,,,,,,,
S220043,47,B,25.61,19,125,,,carbon,,,,,,,,,,,,,,,,,,,,,,,,,,,,,,,,,,,,,,,,
S220044,,B,69.7,7,115,,,metal,,,,,,,,,,,,,,,,,,,,,,,,,,,,,,,,,,,,,,,,
S220045,19,B,69.7,7,13,,,slag,,,,,,,,,,,,,,,,,,,,,,,,,,,,,,,,,,,,,,,,
S220046,,B,41.3,24,62,,,shell,,,,,,,,,,,,,,,,,,,,,,,,,,,,,,,,,,,,,,,,
S220047,48,B,25.61,19,125,,B22.0606,carbon,,,,,,,,,,,,,,,,,,,,,,,,,,,,,,,,,,,,,,,,
S220048,57,B,24.42,26,156,,,metal,,,,,,,,,,,,,,,,,,,,,,,,,,,,,,,,,,,,,,,,
S220049,23,B,69.7,7,15,,,glass- same as field 1,,,,,,,,,,,,,,,,,,,,,,,,,,,,,,,,,,,,,,,,
S220050,22,B,69.7,7,15,,,slag,,,,,,,,,,,,,,,,,,,,,,,,,,,,,,,,,,,,,,,,
S220051,,B,69.7,7,18,,,tabun,,,,,,,,,,,,,,,,,,,,,,,,,,,,,,,,,,,,,,,,
S220052,,B,69.7,7,18,,B22-0684,carbon for dating,,,,,,,,,,,,,,,,,,,,,,,,,,,,,,,,,,,,,,,,
S220053,24,B,24.42,26,145,,,rock,,,,,,,,,,,,,,,,,,,,,,,,,,,,,,,,,,,,,,,,
S220054,28,B,24.42,2,141,,,plaster in ceramic container,,,,,,,,,,,,,,,,,,,,,,,,,,,,,,,,,,,,,,,,
S220055,39,B,25.62,56,257,,,shell,,,,,,,,,,,,,,,,,,,,,,,,,,,,,,,,,,,,,,,,
S220056,40,B,25.62,55,231,,,ceramic tech,,,,,,,,,,,,,,,,,,,,,,,,,,,,,,,,,,,,,,,,
S220057,45,B,24.42,8,146,,,ceramic tech,,,,,,,,,,,,,,,,,,,,,,,,,,,,,,,,,,,,,,,,
S220058,5,B,69.8,1,2,,,plaster attached to base,,,,,,,,,,,,,,,,,,,,,,,,,,,,,,,,,,,,,,,,
S220059,42,B,25.62,35,250,,,ceramic tech,,,,,,,,,,,,,,,,,,,,,,,,,,,,,,,,,,,,,,,,
S220060,41,B,25.62,35,250,,,ceramic tech,,,,,,,,,,,,,,,,,,,,,,,,,,,,,,,,,,,,,,,,
S220061,63,B,24.42,49,159,,,ceramic tech,,,,,,,,,,,,,,,,,,,,,,,,,,,,,,,,,,,,,,,,
S220062,6,B,41.3,21,56,,,slag,,,,,,,,,,,,,,,,,,,,,,,,,,,,,,,,,,,,,,,,
S220063,,B,25.62,35,244,,,seed,,,,,,,,,,,,,,,,,,,,,,,,,,,,,,,,,,,,,,,,
S220064,58,B,25.61,19,130,,,iron slag,,,,,,,,,,,,,,,,,,,,,,,,,,,,,,,,,,,,,,,,
S220065,32,B,69.7,16,21,,,charcoal,,,,,,,,,,,,,,,,,,,,,,,,,,,,,,,,,,,,,,,,
S220066,13,B,41.3,24,63,,,Phytoliths to Jeff,,,,,,,,,,,,,,,,,,,,,,,,,,,,,,,,,,,,,,,,
S220067,26,B,69.7,6,19,,,Iron   ,,,,,,,,,,,,,,,,,,,,,,,,,,,,,,,,,,,,,,,,
S220068,45,B,24.42,8,146,,,ceramic tech,,,,,,,,,,,,,,,,,,,,,,,,,,,,,,,,,,,,,,,,
S220069,173,B,25.62,1,236,,,ceramic tech,,,,,,,,,,,,,,,,,,,,,,,,,,,,,,,,,,,,,,,,
S220070,24,B,42.21,41,127,,,ceramic tech,,,,,,,,,,,,,,,,,,,,,,,,,,,,,,,,,,,,,,,,
S220071,68,B,24.42,26,168,,,ceramic tech,,,,,,,,,,,,,,,,,,,,,,,,,,,,,,,,,,,,,,,,
S220072,74,B,25.62,36,269,,,ceramic tech,,,,,,,,,,,,,,,,,,,,,,,,,,,,,,,,,,,,,,,,
S220073,75,B,25.62,36,265,,,ceramic tech,,,,,,,,,,,,,,,,,,,,,,,,,,,,,,,,,,,,,,,,
S220074,76,B,25.62,36,265,,,ceramic tech,,,,,,,,,,,,,,,,,,,,,,,,,,,,,,,,,,,,,,,,
S220075,74,B,24.42,26,173,,,ceramic tech,,,,,,,,,,,,,,,,,,,,,,,,,,,,,,,,,,,,,,,,
S220076,17,B,41.3,26,67,,B22-0836,slag,,,,,,,,,,,,,,,,,,,,,,,,,,,,,,,,,,,,,,,,
S220077,,B,69.7,16,22,,,ceramic tech,,,,,,,,,,,,,,,,,,,,,,,,,,,,,,,,,,,,,,,,
S220078,15,B,41.3,2,67,,B22-0838,charcoal,,,,,,,,,,,,,,,,,,,,,,,,,,,,,,,,,,,,,,,,
S220079,35,B,69.7,16,23,,,tabun frags,,,,,,,,,,,,,,,,,,,,,,,,,,,,,,,,,,,,,,,,
S220080,66,B,25.61,43,131,,,seed,,,,,,,,,,,,,,,,,,,,,,,,,,,,,,,,,,,,,,,,
S220081,69,B,24.42,42,47,,,ceramic tech,,,,,,,,,,,,,,,,,,,,,,,,,,,,,,,,,,,,,,,,
S220082,20,B,41.3,26,68,,,phytoliths,,,,,,,,,,,,,,,,,,,,,,,,,,,,,,,,,,,,,,,,
S220083,27,B,69.7,16,27,,,glass,,,,,,,,,,,,,,,,,,,,,,,,,,,,,,,,,,,,,,,,
S220084,46,B,69.7,16,27,,,charcoal,,,,,,,,,,,,,,,,,,,,,,,,,,,,,,,,,,,,,,,,
S220085,19,B,41.3,26,68,,B22-0897,seed,,,,,,,,,,,,,,,,,,,,,,,,,,,,,,,,,,,,,,,,
S220086,23,B,41.3,26,68,,B22-0938,burnt bone,,,,,,,,,,,,,,,,,,,,,,,,,,,,,,,,,,,,,,,,
S220087,28,B,41.3,26,69,,B22-0993,mudbrick,,,,,,,,,,,,,,,,,,,,,,,,,,,,,,,,,,,,,,,,
S220088,118,B,24.42,35,187,,,ceramic tech,,,,,,,,,,,,,,,,,,,,,,,,,,,,,,,,,,,,,,,,
S220089,85,B,24.42,32,177,,,ceramic tech,,,,,,,,,,,,,,,,,,,,,,,,,,,,,,,,,,,,,,,,
S220090,117,B,24.42,34,181,,,ceramic tech,,,,,,,,,,,,,,,,,,,,,,,,,,,,,,,,,,,,,,,,
S220091,50,B,69.7,16,28,,B22-1018,charcoal for dating,,,,,,,,,,,,,,,,,,,,,,,,,,,,,,,,,,,,,,,,
S220092,30,B,41.3,26,69,,B22-0992,seed,,,,,,,,,,,,,,,,,,,,,,,,,,,,,,,,,,,,,,,,
S220093,,B,41.3,26,68,,,ceramic tech,,,,,,,,,,,,,,,,,,,,,,,,,,,,,,,,,,,,,,,,
S220094,78,B,69.7,6,78,,,glass,,,,,,,,,,,,,,,,,,,,,,,,,,,,,,,,,,,,,,,,
S220095,91,B,25.62,39,279,,,burnt wood beam,,,,,,,,,,,,,,,,,,,,,,,,,,,,,,,,,,,,,,,,
S220096,47,B,69.7,16,28,,,charcoal for dating,,,,,,,,,,,,,,,,,,,,,,,,,,,,,,,,,,,,,,,,
S220097,101,B,24.42,64,194,,,clay,,,,,,,,,,,,,,,,,,,,,,,,,,,,,,,,,,,,,,,,
S220098,32,B,41.3,26,69,,B22-1035,phytoliths to Jeff,,,,,,,,,,,,,,,,,,,,,,,,,,,,,,,,,,,,,,,,
S220099,26,B,41.3,26,69,,B22-0990,phytoliths to Betty,,,,,,,,,,,,,,,,,,,,,,,,,,,,,,,,,,,,,,,,
S220100,20,B,41.3,26,68,,B22-0896,phytoliths to Jeff,,,,,,,,,,,,,,,,,,,,,,,,,,,,,,,,,,,,,,,,
S220101,31,B,41.3,26,69,,,phytoliths to Betty,,,,,,,,,,,,,,,,,,,,,,,,,,,,,,,,,,,,,,,,
S220102,276,B,25.62,58,276,,,ceramic tech,,,,,,,,,,,,,,,,,,,,,,,,,,,,,,,,,,,,,,,,
S220103,61,B,69.7,20,35,,B22-1078,charcoal,,,,,,,,,,,,,,,,,,,,,,,,,,,,,,,,,,,,,,,,
S220104,62,B,69.7,20,35,,B22-1079,charcoal,,,,,,,,,,,,,,,,,,,,,,,,,,,,,,,,,,,,,,,,
S220105,59,B,69.7,20,35,,,tabun frags,,,,,,,,,,,,,,,,,,,,,,,,,,,,,,,,,,,,,,,,
S220106,81,B,25.61,44,136,,,charcoal for dating,,,,,,,,,,,,,,,,,,,,,,,,,,,,,,,,,,,,,,,,
S220107,86,B,24.42,34,179,,,ceramic tech,,,,,,,,,,,,,,,,,,,,,,,,,,,,,,,,,,,,,,,,
S220108,43,B,42.21,46,141,,,ceramic tech,,,,,,,,,,,,,,,,,,,,,,,,,,,,,,,,,,,,,,,,
S220109,24,B,24.42,42,193,,,charcoal for dating,,,,,,,,,,,,,,,,,,,,,,,,,,,,,,,,,,,,,,,,
S220110,89,B,24.42,35,189,,,shell,,,,,,,,,,,,,,,,,,,,,,,,,,,,,,,,,,,,,,,,
S220111,35,B,42.21,46,141,,,obsidian,,,,,,,,,,,,,,,,,,,,,,,,,,,,,,,,,,,,,,,,
S220112,96,B,69.7,17,43,,,glass,,,,,,,,,,,,,,,,,,,,,,,,,,,,,,,,,,,,,,,,
S220113,93,B,69.7,17,43,,,tabun frags,,,,,,,,,,,,,,,,,,,,,,,,,,,,,,,,,,,,,,,,
S220114,48,B,41.3,26,75,,,Charcoal,,,,,,,,,,,,,,,,,,,,,,,,,,,,,,,,,,,,,,,,
S220115,49,B,41.3,27,75,,,Charcoal,,,,,,,,,,,,,,,,,,,,,,,,,,,,,,,,,,,,,,,,
S220116,184,B,24.42,39,214,,,Charcoal,,,,,,,,,,,,,,,,,,,,,,,,,,,,,,,,,,,,,,,,
S220117,77,B,69.7,17,40,,,Charcoal,,,,,,,,,,,,,,,,,,,,,,,,,,,,,,,,,,,,,,,,
S220118,84,B,69.7,25,42,,,Charcoal,,,,,,,,,,,,,,,,,,,,,,,,,,,,,,,,,,,,,,,,
S220119,91,B,69.7,26,45,,,Charcoal,,,,,,,,,,,,,,,,,,,,,,,,,,,,,,,,,,,,,,,,
S220120,88,B,69.7,17,43,,,Charcoal,,,,,,,,,,,,,,,,,,,,,,,,,,,,,,,,,,,,,,,,
S220121,92,B,42.21,55,156,,,Charcoal,,,,,,,,,,,,,,,,,,,,,,,,,,,,,,,,,,,,,,,,
S220122,90,B,69.7,25,44,,,tabun frags,,,,,,,,,,,,,,,,,,,,,,,,,,,,,,,,,,,,,,,,
S220123,87,B,69.7,17,36,,,tabun frags,,,,,,,,,,,,,,,,,,,,,,,,,,,,,,,,,,,,,,,,
S220124,62,B,42.21,53,154,,,phytoliths in soil,,,,,,,,,,,,,,,,,,,,,,,,,,,,,,,,,,,,,,,,
S220125,61,B,42.21,53,154,,,phytoliths in soil,,,,,,,,,,,,,,,,,,,,,,,,,,,,,,,,,,,,,,,,
S220126,163,B,24.42,68,200,,,sea urchin fossil,,,,,,,,,,,,,,,,,,,,,,,,,,,,,,,,,,,,,,,,
S220127,197,B,24.42,39,197,,,ceramic tech,,,,,,,,,,,,,,,,,,,,,,,,,,,,,,,,,,,,,,,,
S220128,82,B,69.7,25,42,,B22.1215,seed for carbon dating,,,,,,,,,,,,,,,,,,,,,,,,,,,,,,,,,,,,,,,,
S220129,80,B,69.7,25,42,,,tabun frags,,,,,,,,,,,,,,,,,,,,,,,,,,,,,,,,,,,,,,,,
S220130,169,B,24.42,61,210,,,sea urchin fossil,,,,,,,,,,,,,,,,,,,,,,,,,,,,,,,,,,,,,,,,
S220131,81,B,69.7,17,40,,,glass,,,,,,,,,,,,,,,,,,,,,,,,,,,,,,,,,,,,,,,,
S220132,166,B,24.42,6,210,,,mudbrick,,,,,,,,,,,,,,,,,,,,,,,,,,,,,,,,,,,,,,,,
S220133,93,B,25.61,4,133,,,ceramic tech,,,,,,,,,,,,,,,,,,,,,,,,,,,,,,,,,,,,,,,,
S220134,65,B,42.21,53,154,,B22.1202,Phytoliths to Jeff,,,,,,,,,,,,,,,,,,,,,,,,,,,,,,,,,,,,,,,,
S220135,70,B,42.21,53,154,,B22.1210,phytoliths to Betty,,,,,,,,,,,,,,,,,,,,,,,,,,,,,,,,,,,,,,,,
S220136,,B,69.7,32,49,,,charcoal,,,,,,,,,,,,,,,,,,,,,,,,,,,,,,,,,,,,,,,,
S220137,,B,69.7,29,48,,,charcoal,,,,,,,,,,,,,,,,,,,,,,,,,,,,,,,,,,,,,,,,
S220138,93,B,42.21,55,156,,,charcoal,,,,,,,,,,,,,,,,,,,,,,,,,,,,,,,,,,,,,,,,
S220139,196,B,24.42,61,217,,,plaster,,,,,,,,,,,,,,,,,,,,,,,,,,,,,,,,,,,,,,,,
S220140,56,B,41.3,27,77,,B22.1304,mortar soil,,,,,,,,,,,,,,,,,,,,,,,,,,,,,,,,,,,,,,,,
S220141,102,B,69.7,29,48,,B22.1339,charcoal for dating,,,,,,,,,,,,,,,,,,,,,,,,,,,,,,,,,,,,,,,,
S220142,94,B,42.21,56,162,,,crystalized calcite,,,,,,,,,,,,,,,,,,,,,,,,,,,,,,,,,,,,,,,,
S220143,98,B,69.7,29,48,,B22.1335,charcoal,,,,,,,,,,,,,,,,,,,,,,,,,,,,,,,,,,,,,,,,
S220144,,B,69.7,17,47,,,bulk charcoal,,,,,,,,,,,,,,,,,,,,,,,,,,,,,,,,,,,,,,,,
S220145,60,B,41.3,27,77,,,soil to Betty small mortar,,,,,,,,,,,,,,,,,,,,,,,,,,,,,,,,,,,,,,,,
S220146,171,B,24.42,39,209,,,ceramic tech,,,,,,,,,,,,,,,,,,,,,,,,,,,,,,,,,,,,,,,,
S220147,95,B,25.61,5,145,,,shell,,,,,,,,,,,,,,,,,,,,,,,,,,,,,,,,,,,,,,,,
S220148,103,B,69.7,17,43,,,metal,,,,,,,,,,,,,,,,,,,,,,,,,,,,,,,,,,,,,,,,
S220149,118,B,25.62,39,297,,,slag,,,,,,,,,,,,,,,,,,,,,,,,,,,,,,,,,,,,,,,,
S220150,97,B,25.61,5,145,,,fossil,,,,,,,,,,,,,,,,,,,,,,,,,,,,,,,,,,,,,,,,
S220151,96,B,25.61,5,145,,,shell,,,,,,,,,,,,,,,,,,,,,,,,,,,,,,,,,,,,,,,,
S220152,,B,41.3,,,C/U,,ceramic tech,,,,,,,,,,,,,,,,,,,,,,,,,,,,,,,,,,,,,,,,
S220153,188,B,24.42,39,212,,,ceramic tech,,,,,,,,,,,,,,,,,,,,,,,,,,,,,,,,,,,,,,,,
S220154,201,B,24.42,39,216,,,ceramic tech,,,,,,,,,,,,,,,,,,,,,,,,,,,,,,,,,,,,,,,,
S220155,52,B,69.7,16,28,,,tessera,,,,,,,,,,,,,,,,,,,,,,,,,,,,,,,,,,,,,,,,
S220156,92,B,69.7,26,45,,,tessera,,,,,,,,,,,,,,,,,,,,,,,,,,,,,,,,,,,,,,,,
S220157,205,B,24.42,40,219,,,ceramic tech,,,,,,,,,,,,,,,,,,,,,,,,,,,,,,,,,,,,,,,,
S220158,206,B,24.42,40,219,,,ceramic tech,,,,,,,,,,,,,,,,,,,,,,,,,,,,,,,,,,,,,,,,
S220159,137,B,25.62,67,298,,,ceramic tech,,,,,,,,,,,,,,,,,,,,,,,,,,,,,,,,,,,,,,,,
S220160,62,B,41.3,26,78,,B22-1409,carbonized seed,,,,,,,,,,,,,,,,,,,,,,,,,,,,,,,,,,,,,,,,
S220161,129,B,25.62,39,129,,,carbon,,,,,,,,,,,,,,,,,,,,,,,,,,,,,,,,,,,,,,,,
S220162,128,B,25.62,65,65,,,charcoal twigs,,,,,,,,,,,,,,,,,,,,,,,,,,,,,,,,,,,,,,,,
S220163,111,B,69.7,29,50,,,tabun frags,,,,,,,,,,,,,,,,,,,,,,,,,,,,,,,,,,,,,,,,
S220164,138,B,25.62,39,303,,,charcoal,,,,,,,,,,,,,,,,,,,,,,,,,,,,,,,,,,,,,,,,
S220165,112,B,69.7,29,50,,,shell,,,,,,,,,,,,,,,,,,,,,,,,,,,,,,,,,,,,,,,,
S220166,113,B,69.7,29,50,,B22-1407,seeds,,,,,,,,,,,,,,,,,,,,,,,,,,,,,,,,,,,,,,,,
S220167,123,B,25.62,39,123,,,charcoal wood,,,,,,,,,,,,,,,,,,,,,,,,,,,,,,,,,,,,,,,,
S220168,126,B,25.62,39,126,,B22-1397,carbon,,,,,,,,,,,,,,,,,,,,,,,,,,,,,,,,,,,,,,,,
S220169,105,B,69.7,29,50,,,charcoal,,,,,,,,,,,,,,,,,,,,,,,,,,,,,,,,,,,,,,,,
S220170,106,B,69.7,29,50,,,bulk charcoal,,,,,,,,,,,,,,,,,,,,,,,,,,,,,,,,,,,,,,,,
S220171,195,B,24.42,61,217,,,rock,,,,,,,,,,,,,,,,,,,,,,,,,,,,,,,,,,,,,,,,
S220172,120,B,25.62,39,297,,,shell,,,,,,,,,,,,,,,,,,,,,,,,,,,,,,,,,,,,,,,,
S220173,103,B,25.61,5,148,,,newly broken glass,,,,,,,,,,,,,,,,,,,,,,,,,,,,,,,,,,,,,,,,
S220174,104,B,25.61,5,148,,,bronze frag,,,,,,,,,,,,,,,,,,,,,,,,,,,,,,,,,,,,,,,,
S220175,78,B,42.21,55,157,,,shell,,,,,,,,,,,,,,,,,,,,,,,,,,,,,,,,,,,,,,,,
S220176,73,B,41.3,27,81,,,seeds,,,,,,,,,,,,,,,,,,,,,,,,,,,,,,,,,,,,,,,,
S220177,124,B,25.62,65,302,,,metal wire,,,,,,,,,,,,,,,,,,,,,,,,,,,,,,,,,,,,,,,,
S220178,99,B,42.21,43,166,X,,UD/ Frit?,,,,,,,,,,,,,,,,,,,,,,,,,,,,,,,,,,,,,,,,
S220179,114,B,69.7,31,54,,,unfired tabun,,,,,,,,,,,,,,,,,,,,,,,,,,,,,,,,,,,,,,,,
S220180,119,B,69.7,29,53,,,glass,,,,,,,,,,,,,,,,,,,,,,,,,,,,,,,,,,,,,,,,
S220181,159,B,69.7,29,53,,,bulk charcoal,,,,,,,,,,,,,,,,,,,,,,,,,,,,,,,,,,,,,,,,
S220182,115,B,69.7,29,53,,B22-1434,charcoal seeds,,,,,,,,,,,,,,,,,,,,,,,,,,,,,,,,,,,,,,,,
S220183,219,B,24.42,76,222,,,ceramic tech,,,,,,,,,,,,,,,,,,,,,,,,,,,,,,,,,,,,,,,,
S220184,145,B,25.62,67,305,,,ceramic tech/mend,,,,,,,,,,,,,,,,,,,,,,,,,,,,,,,,,,,,,,,,
S220185,144,B,25.62,65,302,,,ceramic tech/mend,,,,,,,,,,,,,,,,,,,,,,,,,,,,,,,,,,,,,,,,
S220186,111,B,25.61,19,154,,B22-1502,charcoal,,,,,,,,,,,,,,,,,,,,,,,,,,,,,,,,,,,,,,,,
S220187,8,B,39.44,0,0,,B22-0187,ceramic tech weight?,,,,,,,,,,,,,,,,,,,,,,,,,,,,,,,,,,,,,,,,
S220188,71,B,41.3,27,81,,,phytolith,,,,,,,,,,,,,,,,,,,,,,,,,,,,,,,,,,,,,,,,
S220189,94,B,69.7,7,46,,B22-1268,tabun frags,,,,,,,,,,,,,,,,,,,,,,,,,,,,,,,,,,,,,,,,
S220190,66,B,41.3,27,80,,,phytoliths,,,,,,,,,,,,,,,,,,,,,,,,,,,,,,,,,,,,,,,,
S220191,,B,25.62,39,293,,,residue on cooking pot/to Betty,,,,,,,,,,,,,,,,,,,,,,,,,,,,,,,,,,,,,,,,
S220192,124,B,69.7,34,58,,B22-1564,seed,,,,,,,,,,,,,,,,,,,,,,,,,,,,,,,,,,,,,,,,
S220193,153,B,25.62,71,316,,B22-1621,charcoal,,,,,,,,,,,,,,,,,,,,,,,,,,,,,,,,,,,,,,,,
S220194,125,B,69.7,34,58,,B22-1565,seed,,,,,,,,,,,,,,,,,,,,,,,,,,,,,,,,,,,,,,,,
S220195,116,B,25.61,51,155,,,shell,,,,,,,,,,,,,,,,,,,,,,,,,,,,,,,,,,,,,,,,
S220196,77,B,41.3,29,82,,B22-1558,bone for dating,,,,,,,,,,,,,,,,,,,,,,,,,,,,,,,,,,,,,,,,
S220197,123,B,25.61,51,157,,,glass,,,,,,,,,,,,,,,,,,,,,,,,,,,,,,,,,,,,,,,,
S220198,122,B,25.61,51,157,,B22-1628,charcoal,,,,,,,,,,,,,,,,,,,,,,,,,,,,,,,,,,,,,,,,
S220199,129,B,69.7,24,60,,,glass,,,,,,,,,,,,,,,,,,,,,,,,,,,,,,,,,,,,,,,,
S220200,131,B,69.7,29,57,,,tabun frags,,,,,,,,,,,,,,,,,,,,,,,,,,,,,,,,,,,,,,,,
S220201,157,B,25.61,51,157,,,slag sample,,,,,,,,,,,,,,,,,,,,,,,,,,,,,,,,,,,,,,,,
S220202,133,B,69.7,29,57,,,seed,,,,,,,,,,,,,,,,,,,,,,,,,,,,,,,,,,,,,,,,
S220203,157,B,25.62,68,309,,,ceramic tech/mend,,,,,,,,,,,,,,,,,,,,,,,,,,,,,,,,,,,,,,,,
S220204,159,B,25.62,68,309,,,ceramic tech/mend,,,,,,,,,,,,,,,,,,,,,,,,,,,,,,,,,,,,,,,,
S220205,155,B,25.62,68,308,,,ceramic tech/mend,,,,,,,,,,,,,,,,,,,,,,,,,,,,,,,,,,,,,,,,
S220206,156,B,25.62,68,308,,,ceramic tech/mend,,,,,,,,,,,,,,,,,,,,,,,,,,,,,,,,,,,,,,,,
S220207,158,B,25.62,68,309,,,ceramic tech/mend,,,,,,,,,,,,,,,,,,,,,,,,,,,,,,,,,,,,,,,,
S220208,77,B,41.3,29,85,,B22-1558,bone for dating,,,,,,,,,,,,,,,,,,,,,,,,,,,,,,,,,,,,,,,,
S220209,78,B,41.3,30,86,,B22-1560,bone for dating,,,,,,,,,,,,,,,,,,,,,,,,,,,,,,,,,,,,,,,,
S220210,68,B,25.61,19,130,,,ceramic with carbon/to Betty,,,,,,,,,,,,,,,,,,,,,,,,,,,,,,,,,,,,,,,,
S220211,87,B,25.62,58,277,,,ceramic with carbon/to Betty,,,,,,,,,,,,,,,,,,,,,,,,,,,,,,,,,,,,,,,,
S220212,130,B,69.7,29,57,,,iron,,,,,,,,,,,,,,,,,,,,,,,,,,,,,,,,,,,,,,,,
S220213,127,B,25.61,51,158,,,seed,,,,,,,,,,,,,,,,,,,,,,,,,,,,,,,,,,,,,,,,
S220214,238,B,24.42,80,240,,,charcoal,,,,,,,,,,,,,,,,,,,,,,,,,,,,,,,,,,,,,,,,
S220215,240,B,24.42,43,233,,,vitrified ceramic,,,,,,,,,,,,,,,,,,,,,,,,,,,,,,,,,,,,,,,,
S220216,82,B,41.3,27,87,,,charcoal,,,,,,,,,,,,,,,,,,,,,,,,,,,,,,,,,,,,,,,,
S220217,84,B,41.3,30,87,,,bone for dating,,,,,,,,,,,,,,,,,,,,,,,,,,,,,,,,,,,,,,,,
S220218,225,B,24.42,77,234,,,charcoal,,,,,,,,,,,,,,,,,,,,,,,,,,,,,,,,,,,,,,,,
S220219,164,B,25.61,70,318,,,unfired clay,,,,,,,,,,,,,,,,,,,,,,,,,,,,,,,,,,,,,,,,
S220220,175,B,25.62,68,313,,,ceramic tech/mend,,,,,,,,,,,,,,,,,,,,,,,,,,,,,,,,,,,,,,,,
S220221,176,B,25.62,71,316,,,ceramic tech/mend,,,,,,,,,,,,,,,,,,,,,,,,,,,,,,,,,,,,,,,,
S220222,131,B,25.61,51,159,,,charcoal,,,,,,,,,,,,,,,,,,,,,,,,,,,,,,,,,,,,,,,,
S220223,125,B,25.61,51,158,,B22-1661,charcoal,,,,,,,,,,,,,,,,,,,,,,,,,,,,,,,,,,,,,,,,
S220224,145,B,69.7,34,58,,,ceramic to Betty,,,,,,,,,,,,,,,,,,,,,,,,,,,,,,,,,,,,,,,,
S220225,56,B,41.3,27,77,,B22-1304,soil to Betty   ,,,,,,,,,,,,,,,,,,,,,,,,,,,,,,,,,,,,,,,,
S220226,108,B,25.61,19,153,,,soil to Betty   ,,,,,,,,,,,,,,,,,,,,,,,,,,,,,,,,,,,,,,,,
S220227,116,B,25.61,53,156,,B22-1558,soil to Betty   ,,,,,,,,,,,,,,,,,,,,,,,,,,,,,,,,,,,,,,,,
S220228,62,B,41.3,27,77,,B22-1353,soil to Betty   ,,,,,,,,,,,,,,,,,,,,,,,,,,,,,,,,,,,,,,,,
S220229,41,B,41.3,27,77,,,soil to Betty   ,,,,,,,,,,,,,,,,,,,,,,,,,,,,,,,,,,,,,,,,
S220230,,B,24.42,66,202,,,soil pithos C to Betty,,,,,,,,,,,,,,,,,,,,,,,,,,,,,,,,,,,,,,,,
S220231,93,B,42.21,55,156,,,soil mortar to Betty,,,,,,,,,,,,,,,,,,,,,,,,,,,,,,,,,,,,,,,,
S220232,67,B,25.61,43,131,,,soil base to Betty,,,,,,,,,,,,,,,,,,,,,,,,,,,,,,,,,,,,,,,,
S220233,,B,25.61,5,116,,,soil rim to Betty,,,,,,,,,,,,,,,,,,,,,,,,,,,,,,,,,,,,,,,,
S220234,,B,42.21,39,114,,,soil on pot to Betty,,,,,,,,,,,,,,,,,,,,,,,,,,,,,,,,,,,,,,,,
S220235,83,B,41.3,27,87,,B22-1677,phytolith,,,,,,,,,,,,,,,,,,,,,,,,,,,,,,,,,,,,,,,,
S220236,160,B,69.7,29,57,,,bulk charcoal,,,,,,,,,,,,,,,,,,,,,,,,,,,,,,,,,,,,,,,,
S220237,61,B,69.7,29,61,,,bulk charcoal,,,,,,,,,,,,,,,,,,,,,,,,,,,,,,,,,,,,,,,,
S220238,133,B,25.61,51,159,,,glass,,,,,,,,,,,,,,,,,,,,,,,,,,,,,,,,,,,,,,,,
S220239,35,B,42.21,46,141,,,stone,,,,,,,,,,,,,,,,,,,,,,,,,,,,,,,,,,,,,,,,
S220240,162,B,25.62,70,318,,B22-1676,charcoal,,,,,,,,,,,,,,,,,,,,,,,,,,,,,,,,,,,,,,,,
S220241,130,B,25.61,51,159,,,ochre to Betty,,,,,,,,,,,,,,,,,,,,,,,,,,,,,,,,,,,,,,,,
S220242,108,B,42.21,59,72,,,frit,,,,,,,,,,,,,,,,,,,,,,,,,,,,,,,,,,,,,,,,
S220243,229,B,24.42,0,228,,,ceramic tech,,,,,,,,,,,,,,,,,,,,,,,,,,,,,,,,,,,,,,,,
S220244,138,B,25.61,51,161,,,tessera,,,,,,,,,,,,,,,,,,,,,,,,,,,,,,,,,,,,,,,,
S220245,136,B,25.61,51,161,,B22-1738,charcoal,,,,,,,,,,,,,,,,,,,,,,,,,,,,,,,,,,,,,,,,
S220246,140,B,25.61,56,162,,,glass ingot,,,,,,,,,,,,,,,,,,,,,,,,,,,,,,,,,,,,,,,,
S220247,139,B,25.61,51,161,,,shell,,,,,,,,,,,,,,,,,,,,,,,,,,,,,,,,,,,,,,,,
S220248,84,B,41.3,27,88,,,phytolith,,,,,,,,,,,,,,,,,,,,,,,,,,,,,,,,,,,,,,,,
S220249,112,B,42.21,60,173,,,charcoal,,,,,,,,,,,,,,,,,,,,,,,,,,,,,,,,,,,,,,,,
S220250,178,B,25.62,71,326,,,carbon,,,,,,,,,,,,,,,,,,,,,,,,,,,,,,,,,,,,,,,,
S220251,148,B,69.7,40,68,,,ceramic tech,,,,,,,,,,,,,,,,,,,,,,,,,,,,,,,,,,,,,,,,
S220252,91,B,41.3,27,88,,,carbonized seed,,,,,,,,,,,,,,,,,,,,,,,,,,,,,,,,,,,,,,,,
S220253,137,B,25.61,51,161,,,olive pit,,,,,,,,,,,,,,,,,,,,,,,,,,,,,,,,,,,,,,,,
S220254,162,B,69.7,38,65,,,bulk charcoal,,,,,,,,,,,,,,,,,,,,,,,,,,,,,,,,,,,,,,,,
S220255,141,B,25.61,56,162,,,soil to Betty,,,,,,,,,,,,,,,,,,,,,,,,,,,,,,,,,,,,,,,,
S220256,130,B,25.61,51,159,,,ochre to Betty,,,,,,,,,,,,,,,,,,,,,,,,,,,,,,,,,,,,,,,,
S220257,88,B,25.61,5,140,,,shell,,,,,,,,,,,,,,,,,,,,,,,,,,,,,,,,,,,,,,,,
S220258,77,B,42.21,55,157,,,frit,,,,,,,,,,,,,,,,,,,,,,,,,,,,,,,,,,,,,,,,
S220259,181,B,25.62,75,325,,,olive pit,,,,,,,,,,,,,,,,,,,,,,,,,,,,,,,,,,,,,,,,
S220260,250,B,24.42,77,235,,,ceramic tech,,,,,,,,,,,,,,,,,,,,,,,,,,,,,,,,,,,,,,,,
S220261,109,B,42.21,59,172,,,slag sample,,,,,,,,,,,,,,,,,,,,,,,,,,,,,,,,,,,,,,,,
S220262,163,B,69.7,32,69,,,bulk charcoal,,,,,,,,,,,,,,,,,,,,,,,,,,,,,,,,,,,,,,,,
S220263,150,B,69.7,39,70,,B22-1895,plaster with charcoal,,,,,,,,,,,,,,,,,,,,,,,,,,,,,,,,,,,,,,,,
S220264,152,B,69.7,44,71,,B22-1913,Charcoal,,,,,,,,,,,,,,,,,,,,,,,,,,,,,,,,,,,,,,,,
S220265,149,B,69.7,39,70,,,plaster  ,,,,,,,,,,,,,,,,,,,,,,,,,,,,,,,,,,,,,,,,
S220266,117,B,42.21,21,62,,,frit,,,,,,,,,,,,,,,,,,,,,,,,,,,,,,,,,,,,,,,,
S220267,252,B,24.42,81,249,,B22-1858,charcoal,,,,,,,,,,,,,,,,,,,,,,,,,,,,,,,,,,,,,,,,
S220268,86,B,41.3,31,90,,,carbonized seed,,,,,,,,,,,,,,,,,,,,,,,,,,,,,,,,,,,,,,,,
S220269,190,B,25.62,75,327,,,charcoal,,,,,,,,,,,,,,,,,,,,,,,,,,,,,,,,,,,,,,,,
S220270,189,B,25.62,75,327,,,seashell,,,,,,,,,,,,,,,,,,,,,,,,,,,,,,,,,,,,,,,,
S220271,327,B,25.62,75,327,,,date pit,,,,,,,,,,,,,,,,,,,,,,,,,,,,,,,,,,,,,,,,
S220272,187,B,25.62,75,187,,,olive pit,,,,,,,,,,,,,,,,,,,,,,,,,,,,,,,,,,,,,,,,
S220273,195,B,25.62,66,324,,,ceramic tech,,,,,,,,,,,,,,,,,,,,,,,,,,,,,,,,,,,,,,,,
S220274,259,B,24.42,40,250,,,natural,,,,,,,,,,,,,,,,,,,,,,,,,,,,,,,,,,,,,,,,
S220275,0,B,0,0,0,,,Kent's fossil,,,,,,,,,,,,,,,,,,,,,,,,,,,,,,,,,,,,,,,,
S220276,147,B,25.61,56,163,,,iron,,,,,,,,,,,,,,,,,,,,,,,,,,,,,,,,,,,,,,,,
S220277,144,B,25.61,56,163,,,charcoal,,,,,,,,,,,,,,,,,,,,,,,,,,,,,,,,,,,,,,,,
S220278,149,B,25.61,56,163,,,shell,,,,,,,,,,,,,,,,,,,,,,,,,,,,,,,,,,,,,,,,
S220279,89,B,24.42,35,189,,,shell,,,,,,,,,,,,,,,,,,,,,,,,,,,,,,,,,,,,,,,,
S220280,265,B,24.42,68,193,,,charcoal,,,,,,,,,,,,,,,,,,,,,,,,,,,,,,,,,,,,,,,,
S220281,171,B,24.42,39,209,,,ceramic tech,,,,,,,,,,,,,,,,,,,,,,,,,,,,,,,,,,,,,,,,
S220282,57,B,42.21,53,154,,,charcoal,,,,,,,,,,,,,,,,,,,,,,,,,,,,,,,,,,,,,,,,
S220283,196,B,24.42,61,217,,,plaster,,,,,,,,,,,,,,,,,,,,,,,,,,,,,,,,,,,,,,,,
S220284,119,B,42.21,61,175,,,ceramic tech,,,,,,,,,,,,,,,,,,,,,,,,,,,,,,,,,,,,,,,,
S220285,138,B,25.61,51,161,,,tessera,,,,,,,,,,,,,,,,,,,,,,,,,,,,,,,,,,,,,,,,
S220286,190,B,25.62,75,327,,,charcoal,,,,,,,,,,,,,,,,,,,,,,,,,,,,,,,,,,,,,,,,
S220287,193,B,25.62,75,327,,,date pit,,,,,,,,,,,,,,,,,,,,,,,,,,,,,,,,,,,,,,,,
S220288,102,B,69.7,29,48,,B22-1339,charcoal,,,,,,,,,,,,,,,,,,,,,,,,,,,,,,,,,,,,,,,,
S220289,98,B,69.7,29,48,,B22-1335,charcoal,,,,,,,,,,,,,,,,,,,,,,,,,,,,,,,,,,,,,,,,
S220290,13,B,69.7,2,10,,B22-0389,glass,,,,,,,,,,,,,,,,,,,,,,,,,,,,,,,,,,,,,,,,